LeafNode,Distance
L6.TACGGATTCAACGCTA-1,11
L6.CAACCTCGTTTCGCTC-1,11
L6.CTAACTTCACGTTGGC-1,11
L6.CCTCTGAAGAAACGAG-1,7
L6.CGCTTCAAGTGGGCTA-1,9
L6.GTGGGTCTCTATGTGG-1,8
L6.GTTTCTAGTGAAGGCT-1,4
L6.CCCTCCTCAGCTGCTG-1,0
L6.TGGCGCATCTCGTATT-1,9
L6.ATTATCCAGCGGATCA-1,9
L6.CTCGTACCAAAGGAAG-1,9
L6.CGTGAGCTCACTCCTG-1,8
L6.ATGGGAGAGATATGGT-1,8
L6.TCTCATAAGGCAGGTT-1,9
L6.TCAGATGCACTTAAGC-1,9
L6.CAACCTCCAATCTACG-1,9
L6.ATTATCCAGCGCTCCA-1,10
L6.TTAGTTCGTCGGATCC-1,9
L6.AACCATGGTTAAGTAG-1,10
L6.ATTGGTGAGAGTACAT-1,9
L6.CTCGTACAGGTGATTA-1,13
L6.TGAGGGATCTTACCTA-1,12
L6.AAATGCCCAGATTGCT-1,12
L6.CTCACACTCGGTGTCG-1,11
L6.CGTCAGGTCGAGAACG-1,14
L6.AACCATGTCTCGTTTA-1,13
L6.AACTCAGCAAAGGCGT-1,13
L6.TGTGTTTAGGGCTTCC-1,13
L6.GACTACATCCCTCTTT-1,14
L6.GACTACAAGTTGAGTA-1,14
L6.CCTAGCTCACAGGCCT-1,11
L6.TAGACCAGTTATGTGC-1,12
L6.TGCCCATCAGACGCTC-1,12
L6.TGAGAGGCAACCGCCA-1,12
L6.TGCCCTATCTCGTTTA-1,12
L6.TCAGCAATCCGGCACA-1,11
L6.ACGCCAGCAGTGAGTG-1,10
L6.AAACGGGCACCACCAG-1,11
L6.CCGGTAGCATCCTAGA-1,10
L6.GCTTGAAGTCTAAACC-1,10
L6.GAATGAACAGTTCCCT-1,10
L6.TCCACACGTCAACTGT-1,15
L6.CCAATCCCAGTGGAGT-1,17
L6.TCAGCTCTCATAGCAC-1,17
L6.ATGCGATTCCTGCAGG-1,16
L6.AACCGCGAGTCCATAC-1,16
L6.GACTACAAGGCAGTCA-1,16
L6.CAGAGAGTCAAACAAG-1,16
L6.GAGCAGAAGTGTACCT-1,17
L6.TGAGCCGCATAGGATA-1,18
L6.ACACTGAAGTCCTCCT-1,17
L6.GTCATTTTCGCATGAT-1,17
L6.TCAGCAAGTTACCGAT-1,17
L6.GTGCTTCGTCGAACAG-1,15
L6.CTGAAGTAGAGGGCTT-1,16
L6.GCCAAATGTCGAATCT-1,16
L6.TACTTACCAGTCCTTC-1,16
L6.ACATACGTCCAACCAA-1,16
L6.TTTGCGCAGCTCCTCT-1,15
L6.TACTCATGTCAGGACA-1,15
L6.GCTGCGACAACCGCCA-1,15
L6.CATCCACCAATTGCTG-1,15
L6.CGAGAAGAGGGATGGG-1,15
L6.CCTAAAGTCTCTAGGA-1,16
L6.ATTACTCTCCTTTCTC-1,15
L6.CGTGTAAGTTGTGGAG-1,18
L6.CAGCAGCAGTTCCACA-1,19
L6.CAAGTTGTCTACTATC-1,18
L6.TGGTTCCTCAACACTG-1,19
L6.TGAGAGGGTAGCTAAA-1,19
L6.GGGAGATAGCAGCCTC-1,19
L6.CGTTCTGCACAGAGGT-1,19
L6.CCTTCGAGTCTGATCA-1,19
L6.CCATTCGCAGGAATGC-1,19
L6.AGCAGCCTCGTACGGC-1,19
L6.GGACAGACAGCCACCA-1,18
L6.TTGGAACGTTCGGGCT-1,18
L6.AGCTTGACACCCTATC-1,19
L6.CTAGCCTAGTTAGGTA-1,18
L6.TCGGGACTCACAATGC-1,20
L6.AGGGTGACACCACGTG-1,19
L6.ATGAGGGCATCAGTCA-1,21
L6.GTGGGTCTCTCAACTT-1,20
L6.CCACTACCAGTAGAGC-1,20
L6.AGGGATGTCGTTGACA-1,20
L6.GACCAATTCCTTGGTC-1,20
L6.TTCGAAGGTGATGTGG-1,18
L6.AGCTCCTTCGTGGACC-1,18
L6.ACGCCGAAGGAATCGC-1,17
L6.GACCTGGAGTGAAGTT-1,16
L6.GAGTCCGGTATTACCG-1,19
L6.CCTACCAAGCGCTCCA-1,19
L6.TAGTTGGCAGCCACCA-1,20
L6.AAGGTTCCAGGAATCG-1,19
L6.TGGTTAGGTAAAGGAG-1,20
L6.GGACAGAAGAACTCGG-1,20
L6.AGTGAGGCAACGATCT-1,19
L6.AGCGTCGCAGCCTGTG-1,19
L6.CCGGGATCAGGGTATG-1,17
L6.TTAGTTCAGGAGCGTT-1,17
L6.CGTCAGGTCGTACGGC-1,17
L6.TGTGTTTTCGGCATCG-1,19
L6.GATCGTAGTATCACCA-1,19
L6.CAGCATATCATGCTCC-1,19
L6.TGAGAGGTCGTTGACA-1,18
L6.CACACAATCACCGTAA-1,18
L6.GTCACAAGTATAGTAG-1,18
L6.GCTGCTTAGTACGACG-1,19
L6.GGCGACTGTGTAACGG-1,18
L6.GTAACTGGTGGCTCCA-1,17
L6.GCGGGTTGTCTAGCCG-1,17
L6.GCGAGAAGTGTGGCTC-1,17
L6.CTGAAACCAGGACGTA-1,17
L6.ATCATGGCAGCTGGCT-1,19
L6.CATGGCGTCACTGGGC-1,19
L6.AGCGGTCTCTGGTATG-1,16
L6.ACTGATGGTTGACGTT-1,18
L6.GGACAAGGTTAAGGGC-1,18
L6.ATCGAGTGTCTCAACA-1,17
L6.AGACGTTCATCGATGT-1,17
L6.GCAATCACAGCTATTG-1,16
L6.GATCGTACAATGGAGC-1,16
L6.GATCGATAGGGATGGG-1,16
L6.CTTTGCGAGAAACCTA-1,16
L6.AACACGTGTTCCACAA-1,16
L6.AGGCCGTCAGGACCCT-1,18
L6.CCTACACGTTATCACG-1,17
L6.ACATGGTTCACGACTA-1,17
L6.TAGGCATCAGATGGGT-1,16
L6.AACCGCGCAGACGCCT-1,16
L6.GTACTTTGTGGTACAG-1,17
L6.GGTGTTAAGCCAACAG-1,18
L6.ACCGTAAAGTGTTTGC-1,17
L6.CAGAGAGTCATCTGTT-1,16
L6.CGAGCCACACATGACT-1,18
L6.ACGGAGAGTAAGGGCT-1,18
L6.GAGTCCGCACATTTCT-1,18
L6.GCGACCAGTGATGTGG-1,15
L6.TCATTTGCAAGGACTG-1,15
L6.CGGACGTGTTCGCTAA-1,15
L6.GGCTCGATCCGCAAGC-1,15
L6.CGATTGACACCCATGG-1,12
L6.CGACTTCCATGTAAGA-1,13
L6.GAAGCAGCAACTGCGC-1,13
L6.ATCCACCGTAGAAGGA-1,12
L6.AGGGAGTAGACAGACC-1,13
L6.CGGACGTAGCATGGCA-1,12
L6.ACTGAACCAGCAGTTT-1,14
L6.CACATTTCAAATCCGT-1,13
L6.CAACTAGTCCGTCATC-1,13
L6.GTCGTAAAGCGCTTAT-1,13
L6.GACCTGGCATTCCTCG-1,12
L6.AAGTCTGCACATTTCT-1,13
L6.AGTCTTTAGCTAACAA-1,13
L6.ACCGTAATCGCCAAAT-1,12
L6.TCTATTGGTCGCATCG-1,13
L6.CAGATCAAGATGCCTT-1,13
L6.CGCTGGATCGATCCCT-1,13
L6.ATTGGTGAGACTAGAT-1,15
L6.TCGGTAAAGAGGGCTT-1,15
L6.TGCGTGGCACATCTTT-1,15
L6.TTAGGACCACGGCTAC-1,15
L6.GTACTCCCAAGCTGAG-1,15
L6.GCAATCATCCTTGACC-1,15
L6.ACGGAGAAGCTAGCCC-1,16
L6.ACACCAAAGTGTACGG-1,17
L6.CAGTAACGTCCAGTAT-1,17
L6.AGGGAGTTCAATCACG-1,19
L6.TACGGTACATACTCTT-1,18
L6.CTTGGCTGTACAAGTA-1,16
L6.GGACATTCAGTCGATT-1,16
L6.CGGTTAACAGATGGCA-1,16
L6.ATGAGGGTCACAGGCC-1,16
L6.CAGGTGCTCCTACAGA-1,17
L6.CTGCTGTAGTCACGCC-1,17
L6.CGGGTCAAGATAGCAT-1,16
L6.TATCAGGCAGGAACGT-1,16
L6.CGGAGCTCACAGTCGC-1,16
L6.CGTCAGGGTTATGTGC-1,17
L6.TACTTGTAGCGGCTTC-1,16
L6.CATTATCTCCTTTCTC-1,16
L6.TTAGTTCGTCACTGGC-1,16
L6.GGACGTCGTTCAACCA-1,16
L6.GTGGGTCAGTTACCCA-1,16
L6.GATGCTAAGGCCCTCA-1,16
L6.CACACTCTCCTTGACC-1,16
L6.TAGACCACAGCTGTAT-1,15
L6.TAAGCGTGTCCGAATT-1,15
L6.GTGGGTCCACGCATCG-1,15
L6.ATGAGGGGTAGTACCT-1,15
L6.ACAGCTAAGACAAGCC-1,15
L6.GCAAACTTCGCAAACT-1,17
L6.CCACGGACATCGATGT-1,17
L6.ATCGAGTTCCATGAGT-1,17
L6.GCTTGAAGTGTATGGG-1,17
L6.CATCGAACACCTATCC-1,16
L6.ACTTACTGTTGCTCCT-1,17
L6.TGAGCATGTTGGACCC-1,16
L6.ATCGAGTGTAGCACGA-1,15
L6.ACGAGCCGTGCACTTA-1,15
L6.GCGAGAATCATGCAAC-1,16
L6.CTAACTTAGTCGATAA-1,17
L6.ATAGACCAGCGACGTA-1,17
L6.GCCAAATGTTATCGGT-1,18
L6.GGGTCTGCAGACGCCT-1,16
L6.CGAGAAGCATCCTTGC-1,16
L6.CTCATTAAGCTATGCT-1,15
L6.CGAGCACTCCCGGATG-1,14
L6.TTTACTGTCACTTCAT-1,13
L6.GCTCCTATCAGAAATG-1,13
L6.GGAATAAAGAGGACGG-1,14
L6.GCATGCGGTTCCGGCA-1,14
L6.TGTGTTTCAAGCTGAG-1,13
L6.TAGCCGGTCAACGCTA-1,13
L6.CTCTGGTTCTGGAGCC-1,13
L6.CGCTATCGTAGCCTAT-1,14
L6.GGTGCGTCAACTGCGC-1,17
L6.CATCAGAGTGACGCCT-1,17
L6.CTAACTTAGTTACGGG-1,16
L6.TTAGTTCCATGATCCA-1,16
L6.ACTGCTCCATGTTGAC-1,16
L6.AACTTTCAGGGCTTCC-1,17
L6.TGGGAAGTCGGAAATA-1,17
L6.GTACTCCTCTCGATGA-1,17
L6.GCAGCCAGTTGCGCAC-1,17
L6.CTCGTACAGCCTATGT-1,17
L6.ACGCCGACAGTCGATT-1,17
L6.TACAGTGGTCCCTACT-1,16
L6.GCTGCAGAGCTACCTA-1,16
L6.GACGCGTTCACGACTA-1,16
L6.ACTGAACGTTAAGATG-1,16
L6.GGCTGGTCAGTCCTTC-1,18
L6.GCTCCTACAAAGTGCG-1,17
L6.GCGCAACCAAGTAATG-1,17
L6.CACATAGCAAGTCATC-1,17
L6.ACATCAGGTGTCTGAT-1,18
L6.GGCCGATCATTTCACT-1,19
L6.CTCTGGTTCTTGCAAG-1,18
L6.TAGTTGGGTACGCACC-1,18
L6.GGGAATGCAGTGGAGT-1,18
L6.ACTTTCAAGCGGATCA-1,18
L6.TGATTTCCAAGGACTG-1,17
L6.TTCCCAGAGACCCACC-1,17
L6.GGGTCTGTCAACTCTT-1,17
L6.GGACATTAGCTTTGGT-1,17
L6.CCCAATCTCACATGCA-1,17
L6.CAGAGAGCAGGCAGTA-1,17
L6.TTCTTAGTCTTAGCCC-1,16
L6.CGCTGGACAACGCACC-1,18
L6.CTGGTCTCATACGCCG-1,16
L6.TGCCAAAGTCGGCACT-1,16
L6.GTTCGGGAGCGGATCA-1,18
L6.GTTAAGCCATCGGTTA-1,18
L6.CTGTTTAGTAGCGTGA-1,18
L6.ATGAGGGCATCCCATC-1,18
L6.TTTGGTTCATGTAAGA-1,17
L6.TAGCCGGAGCCTATGT-1,17
L6.TACCTTATCCCTAACC-1,17
L6.GTTCGGGCAAAGCGGT-1,17
L6.GTGCGGTAGGCATGTG-1,17
L6.GTCACAAAGTGGGTTG-1,17
L6.GCATGTAGTCTTTCAT-1,17
L6.CTGATAGAGTGAATTG-1,17
L6.CCGTGGAAGAGACGAA-1,17
L6.AGGCCGTCACACTGCG-1,17
L6.ACTGATGTCGCCTGAG-1,17
L6.AACGTTGCATGAACCT-1,17
L6.GTAACTGTCAAGGTAA-1,17
L6.GCGAGAACATAGGATA-1,19
L6.CGTCACTCATCGGTTA-1,19
L6.TGGCCAGCAGTAACGG-1,18
L6.GCTGGGTCATACGCTA-1,18
L6.CGCTTCATCAAACAAG-1,18
L6.CATGGCGGTTAAGATG-1,18
L6.GTCTCGTAGTGAAGTT-1,19
L6.GAAATGAGTTGGTGGA-1,19
L6.ACGGCCAAGCTGGAAC-1,18
L6.ATTGGTGCACGCATCG-1,17
L6.AATCGGTTCTTGCCGT-1,12
L6.CTCTGGTTCGCCAGCA-1,13
L6.GCATGCGTCACCTTAT-1,16
L6.GCCTCTACATGTCTCC-1,17
L6.CACATAGGTAGCTTGT-1,17
L6.CCTAGCTCACATCCAA-1,16
L6.TCTCTAAAGCGTAATA-1,15
L6.GCGCAACGTACTCGCG-1,15
L6.GATGCTAGTTGGTGGA-1,15
L6.GGGAGATCAACACCTA-1,15
L6.GAAGCAGCAATGCCAT-1,15
L6.CGAGCACTCCTATGTT-1,14
L6.CGGCTAGTCTGGTTCC-1,14
L6.ATCTACTAGAGGGATA-1,15
L6.TAAGTGCGTCCAGTGC-1,17
L6.TCATTACTCAGTACGT-1,18
L6.TTCTACAAGGCATGTG-1,16
L6.AGCTCCTGTCGAAAGC-1,18
L6.TGTATTCCACTTCGAA-1,18
L6.GACGTGCTCAGCAACT-1,18
L6.TCAGGATGTGCAACTT-1,18
L6.TAAGCGTAGCTCCCAG-1,18
L6.GACTAACCAGTTCATG-1,18
L6.ACCGTAACAATGCCAT-1,18
L6.ACATGGTGTACTTGAC-1,18
L6.ACAGCTATCCGCTGTT-1,18
L6.CACATTTGTATTCGTG-1,18
L6.CGATCGGTCACCACCT-1,18
L6.TATCTCATCAACCATG-1,14
L6.CAGCTAAAGGTAGCTG-1,15
L6.CACATTTAGGCTAGAC-1,17
L6.TTAACTCAGAGACGAA-1,16
L6.GGCGTGTTCTATCCTA-1,16
L6.AGCCTAACAACTGCTA-1,16
L6.TGGCCAGCAATCACAC-1,16
L6.CTTGGCTGTTATCGGT-1,15
L6.CTGATAGAGACTAGGC-1,14
L6.TGAAAGAGTGCTCTTC-1,17
L6.CACAGTACAGACACTT-1,17
L6.TATCAGGTCGAGGTAG-1,17
L6.CGTCACTCATGCTGGC-1,12
L6.GCATGTACATAAAGGT-1,13
L6.TGCCCATTCCTATGTT-1,14
L6.TGGGAAGAGGGAACGG-1,14
L6.CATCAAGAGTTCGCGC-1,13
L6.TCTTCGGTCCTAGAAC-1,18
L6.TTAGGACGTGTGAAAT-1,17
L6.TTGGAACGTTATGTGC-1,18
L6.CACAGGCTCGATGAGG-1,18
L6.TCGAGGCAGCGATAGC-1,18
L6.CCCATACGTCACTTCC-1,18
L6.CACAGGCGTTTACTCT-1,17
L6.TTCGGTCTCATAACCG-1,14
L6.GGGACCTCAGACAAAT-1,15
L6.GCAATCAGTCCAGTTA-1,14
L6.ACACCGGGTCCGTTAA-1,14
L6.GGCAATTTCGACCAGC-1,14
L6.GTGTTAGCAGCGATCC-1,17
L6.CGATGGCAGGCGATAC-1,17
L6.GCAGTTATCATTGCGA-1,16
L6.GTGCAGCAGATCTGAA-1,16
L6.CGTAGCGCACACAGAG-1,16
L6.ACGAGGATCCGTAGTA-1,13
L6.AAGGTTCTCGCTGATA-1,16
L6.AAGGTTCAGGCATGGT-1,16
L6.TGACAACTCAGCTCGG-1,16
L6.CCAGCGACACGCATCG-1,16
L6.CCTCAGTAGAGTTGGC-1,17
L6.GAACGGAGTTCCACTC-1,17
L6.GTCATTTGTGATGCCC-1,14
L6.CGCTATCAGGGTCGAT-1,17
L6.TTCTCCTAGCTGAAAT-1,16
L6.TGGCTGGTCGGAAATA-1,16
L6.GACTGCGAGTTGCAGG-1,16
L6.CCCAATCGTGGACGAT-1,16
L6.CAGGTGCAGTCCGGTC-1,16
L6.ACTATCTAGGCACATG-1,16
L6.CCTAAAGCAAGTAATG-1,17
L6.GGAAAGCTCATGCTCC-1,16
L6.GTAGTCACAACTGCTA-1,16
L6.TGGTTAGAGCGTCAAG-1,15
L6.GCAAACTCATGGAATA-1,13
L6.GCACATAAGCTGAACG-1,16
L6.GATGAGGGTTATCACG-1,15
L6.AATCGGTGTATGAATG-1,15
L6.GATGAGGCACCTTGTC-1,14
L6.GGTGCGTCATCACGTA-1,17
L6.CGATTGATCCAAACAC-1,17
L6.TGTCCCAAGGTCGGAT-1,16
L6.GGACAAGCAAGTCTGT-1,16
L6.CTCGTCAGTGCCTGTG-1,16
L6.AAAGTAGGTGCACCAC-1,16
L6.CGATCGGTCCCATTTA-1,19
L6.GTACTCCGTGACTCAT-1,18
L6.TTTGGTTTCTGAGTGT-1,19
L6.CTTGGCTTCTCTGTCG-1,19
L6.CTGCTGTGTACCGTTA-1,19
L6.AAGGAGCGTGTTTGGT-1,19
L6.TTTGTCACACATCCAA-1,18
L6.TTCTCCTAGAGCCTAG-1,18
L6.TTATGCTCAAGGACAC-1,18
L6.TTAGGCAAGGTTCCTA-1,18
L6.TTAGGACAGCTAGTCT-1,18
L6.TGTTCCGCAAGCCTAT-1,18
L6.TGACGGCCAATAGAGT-1,18
L6.TGACAACCACCAGATT-1,18
L6.TCTGAGAGTCCCGACA-1,18
L6.TCATTACCACGAGGTA-1,18
L6.TCAGGATAGCTAACTC-1,18
L6.TCACGAACAAGTTAAG-1,18
L6.TAAGTGCAGCTGATAA-1,18
L6.GTTTCTAGTTCGTCTC-1,18
L6.GTCGTAAGTTGCGTTA-1,18
L6.GTATTCTCACGGTAAG-1,18
L6.GTAACGTGTTACCGAT-1,18
L6.GGTGCGTAGCTGATAA-1,18
L6.GGTGAAGCACCCTATC-1,18
L6.GGGAGATTCCGGCACA-1,18
L6.GGCGTGTTCATCGCTC-1,18
L6.GGCCGATTCTGTCAAG-1,18
L6.GCTTCCACAACGATGG-1,18
L6.GCTCTGTCAAGTAGTA-1,18
L6.GCTCCTACATTCCTCG-1,18
L6.GCGACCACAAGCGAGT-1,18
L6.GCAGTTATCCCAAGTA-1,18
L6.GATCGCGGTTCCGTCT-1,18
L6.CTGTTTAAGGCAGGTT-1,18
L6.CTCACACTCATATCGG-1,18
L6.CTAATGGCATTTCAGG-1,18
L6.CGTTGGGTCCACTGGG-1,18
L6.CGTTAGACACGTGAGA-1,18
L6.CGTCCATTCAAGGTAA-1,18
L6.CGTAGCGGTCTAACGT-1,18
L6.CGTAGCGGTACCGGCT-1,18
L6.CGGGTCAAGGATTCGG-1,18
L6.CGGAGCTCAATGGACG-1,18
L6.CGGACTGCACGGTAGA-1,18
L6.CGCCAAGGTTGATTCG-1,18
L6.CCGTGGAAGAATGTTG-1,18
L6.CCGGTAGGTAGCTTGT-1,18
L6.CCATGTCAGGCAGTCA-1,18
L6.CCACGGAGTACATGTC-1,18
L6.CATATGGCAGACGTAG-1,18
L6.CAGTAACGTACTCTCC-1,18
L6.CAGCTGGTCGGCCGAT-1,18
L6.CAGCTAAAGTCTCGGC-1,18
L6.CACATTTGTCGGCATC-1,18
L6.CAAGTTGCAGCCTTGG-1,18
L6.CAAGAAAGTACCCAAT-1,18
L6.CAACCTCTCCCGGATG-1,18
L6.ATGAGGGAGGCATGGT-1,18
L6.AGCTCTCTCTCGAGTA-1,18
L6.AGCGTCGTCTGTGCAA-1,18
L6.AGACGTTGTTCCATGA-1,18
L6.ACTATCTAGCTGATAA-1,18
L6.ACGGGTCTCTGGTTCC-1,18
L6.ACGGGCTGTCAACTGT-1,18
L6.ACGCAGCTCAGAGCTT-1,18
L6.ACGCAGCGTCTAAAGA-1,18
L6.ACGATGTGTAGATTAG-1,18
L6.ACCAGTAAGCTGTTCA-1,18
L6.ACACCCTAGAATCTCC-1,18
L6.AATCGGTAGGAGTACC-1,18
L6.AAGTCTGGTATTACCG-1,18
L6.AAGGAGCTCCGAAGAG-1,18
L6.AAGCCGCAGTGGAGTC-1,18
L6.AAATGCCCAAAGCGGT-1,18
L6.AAAGCAAAGTTTAGGA-1,18
L6.AAAGATGCATCGGTTA-1,18
L6.AAACGGGCAAGAGGCT-1,18
L6.CGTAGCGAGCCATCGC-1,18
L6.GTCCTCAGTGGCAAAC-1,18
L6.ACCGTAAAGTCCGGTC-1,17
L6.GTCATTTGTTGAGTTC-1,16
L6.TGGGCGTGTGATGTCT-1,18
L6.TCTGAGACATATGAGA-1,16
L6.CGACTTCGTACGCACC-1,16
L6.CTCGGAGGTAGCGTCC-1,16
L6.CGATTGATCCTAAGTG-1,16
L6.TGAGAGGAGCGTTCCG-1,17
L6.GTCTCGTGTAGAGTGC-1,17
L6.GACAGAGTCCGTCAAA-1,17
L6.CGCTGGAAGAGGTTGC-1,17
L6.CGCCAAGAGGCAATTA-1,17
L6.AGAGCTTTCCGCAGTG-1,17
L6.GTCAAGTAGCGATTCT-1,18
L6.TGCTACCAGGGATACC-1,18
L6.CGTGTAACATTGGTAC-1,18
L6.TCGCGAGAGTCTCAAC-1,18
L6.TAAGCGTTCACAGGCC-1,18
L6.GTCTCGTAGCCTTGAT-1,18
L6.CCTACACAGTCTCGGC-1,18
L6.GTACTCCTCAAGGCTT-1,18
L6.GATTCAGTCGTTACGA-1,18
L6.GAAGCAGTCGGGAGTA-1,18
L6.ATTGGACTCTGATTCT-1,18
L6.ACGGGTCGTGGTCTCG-1,18
L6.TTCTTAGAGAATCTCC-1,17
L6.TTCGGTCAGAAGGGTA-1,17
L6.TTAACTCCAGGAATGC-1,17
L6.TGTTCCGTCGAGGTAG-1,17
L6.TGTTCCGTCAGCGATT-1,17
L6.TGGACGCTCTTCAACT-1,17
L6.TGCCCTACATGGTCTA-1,17
L6.TGAGCATGTCTGCCAG-1,17
L6.TGACTAGCACTCGACG-1,17
L6.TGACGGCTCAACACCA-1,17
L6.TCTGAGACAAGCCGCT-1,17
L6.TCTATTGTCGACAGCC-1,17
L6.TCGTACCGTATGAAAC-1,17
L6.TCGGTAAGTGTGACCC-1,17
L6.TCCCGATAGACCTAGG-1,17
L6.TACTTACTCTCCAGGG-1,17
L6.TACGGTACAAAGGTGC-1,17
L6.GTGAAGGTCAAAGTAG-1,17
L6.GTCTCGTCATATACGC-1,17
L6.GGTGAAGCACTGTCGG-1,17
L6.GGGCACTCAATGAAAC-1,17
L6.GGCCGATTCAAGATCC-1,17
L6.GCTTGAAGTTATTCTC-1,17
L6.GCGCAACCACGTAAGG-1,17
L6.GCAAACTCATTTCACT-1,17
L6.GATGCTAGTCCCTTGT-1,17
L6.GACTAACTCGGACAAG-1,17
L6.GAACATCCAACGATCT-1,17
L6.CTTCTCTTCGGCTTGG-1,17
L6.CTGTTTAAGGGCTCTC-1,17
L6.CTGTGCTCACAACGCC-1,17
L6.CTCTAATGTGCCTGTG-1,17
L6.CTAGAGTAGCTGAAAT-1,17
L6.CTACATTAGTACCGGA-1,17
L6.CTAATGGGTACGCTGC-1,17
L6.CGTGAGCGTGCAGTAG-1,17
L6.CGTGAGCCATATGAGA-1,17
L6.CGTAGGCAGATGTTAG-1,17
L6.CGCTTCAAGTAGCCGA-1,17
L6.CGCGTTTCATAGTAAG-1,17
L6.CGCCAAGGTCAGCTAT-1,17
L6.CGATTGAAGAGTCGGT-1,17
L6.CGACCTTCATATACGC-1,17
L6.CCTCAGTAGCTGATAA-1,17
L6.CCGGGATAGAGAGCTC-1,17
L6.CCATTCGCATTTCACT-1,17
L6.CCATTCGCACAGTCGC-1,17
L6.CAGTCCTTCAGAGGTG-1,17
L6.CACAGTAGTTTCCACC-1,17
L6.CAAGGCCGTCGGGTCT-1,17
L6.ATTCTACTCTCATTCA-1,17
L6.ATTCTACTCGCATGAT-1,17
L6.ATTATCCCAGATCTGT-1,17
L6.ATGTGTGAGCTAACTC-1,17
L6.AGTAGTCGTCGAACAG-1,17
L6.AGGTCATCACCATCCT-1,17
L6.ACTTTCATCACCCGAG-1,17
L6.ACTGCTCGTGTCGCTG-1,17
L6.ACTATCTGTTGTTTGG-1,17
L6.ACGGCCAAGCGTGAAC-1,17
L6.ACGCCAGCACCTCGGA-1,17
L6.ACCAGTATCTGGCGAC-1,17
L6.ACACCGGAGGATCGCA-1,17
L6.ACACCCTGTAGCACGA-1,17
L6.AATCCAGTCCTTTCGG-1,17
L6.AACTCAGGTGGGTCAA-1,18
L6.GAAACTCCAAATACAG-1,17
L6.AGAGTGGGTTGCCTCT-1,20
L6.TCAGGTAAGGCGTACA-1,20
L6.TAAGTGCCAAGTTAAG-1,20
L6.GTCCTCATCTGGTATG-1,20
L6.GGACAAGTCTCATTCA-1,20
L6.GACCTGGCAATCTACG-1,20
L6.CTTTGCGCAAATACAG-1,20
L6.CTGTGCTAGGCAAAGA-1,20
L6.CCTCAGTGTCACACGC-1,20
L6.CATATGGGTGTGCGTC-1,20
L6.ATCTACTAGTATCGAA-1,20
L6.AGATCTGAGGGCTTGA-1,20
L6.AAATGCCCACATGTGT-1,20
L6.CCAATCCAGTTACCCA-1,19
L6.TGCCCTAAGCTGAAAT-1,16
L6.TAGCCGGTCTGGCGTG-1,17
L6.CGATGTAGTCGCCATG-1,17
L6.CCCAATCAGAGACTTA-1,17
L6.CAGCAGCCATTGGTAC-1,17
L6.TAGTTGGAGGCATGTG-1,18
L6.GCTCCTAGTGTGACGA-1,16
L6.TGAGCATGTTACGACT-1,17
L6.CAGTAACGTGAGTATA-1,19
L6.CTTTGCGTCCTTGCCA-1,18
L6.TCAGCTCCATCTATGG-1,17
L6.CTCGGAGCACTATCTT-1,17
L6.TGCTACCAGGGCATGT-1,16
L6.TCAGCTCGTATTCTCT-1,16
L6.TACTCGCTCATGTAGC-1,16
L6.TACGGGCAGCCGTCGT-1,16
L6.GTGTTAGGTGATGATA-1,16
L6.CGTTCTGGTTCGAATC-1,16
L6.AAACCTGGTTTGCATG-1,16
L6.ACATGGTTCAGCTCGG-1,17
L6.TGATTTCGTAAAGTCA-1,17
L6.GATGAAATCAAAGACA-1,16
L6.GAAGCAGCATACCATG-1,17
L6.GCTGGGTAGATGTGGC-1,18
L6.CATTCGCAGGGAAACA-1,17
L6.GACGTGCAGTCTCCTC-1,16
L6.GTAACGTAGACAGACC-1,17
L6.ACGTCAAGTATCACCA-1,20
L6.TCTCATAGTTTCCACC-1,21
L6.TGAGAGGCACACAGAG-1,19
L6.TAGTTGGTCTGGTATG-1,19
L6.TAGTTGGGTTCTGGTA-1,19
L6.GTTACAGTCCTCTAGC-1,19
L6.GGGTTGCTCGATAGAA-1,19
L6.GCTGCGACACAGCCCA-1,19
L6.GATTCAGAGGCCCTTG-1,19
L6.GACGTTAAGAGGGATA-1,19
L6.CTACCCACATCTACGA-1,19
L6.CTACACCTCAGATAAG-1,19
L6.CGTGTAAGTAGCGTCC-1,19
L6.CCTCAGTAGTGCCATT-1,19
L6.CCCAGTTAGACCTTTG-1,19
L6.CATTATCCACGAAGCA-1,19
L6.CACACAAAGTGGGTTG-1,19
L6.AGAGTGGTCTATCGCC-1,19
L6.ACGCCAGTCACCTCGT-1,19
L6.ACGATGTAGATGCGAC-1,19
L6.ACAGCTATCGAATGGG-1,19
L6.AAGCCGCGTCTGATTG-1,19
L6.TGCACCTGTGTCGCTG-1,18
L6.CGGAGCTGTGTGACCC-1,18
L6.ATCATCTCACCGAAAG-1,18
L6.TTCTCAAAGGTGCAAC-1,18
L6.TGGGCGTAGGGTGTGT-1,18
L6.TACCTATGTGAAGGCT-1,18
L6.CATCGAAAGTGGAGAA-1,18
L6.AAGGAGCAGGGCTCTC-1,18
L6.TTATGCTGTGGTCCGT-1,18
L6.GTCCTCAGTCCATGAT-1,18
L6.GCATGATGTATGCTTG-1,18
L6.GGGACCTCAAATTGCC-1,18
L6.GCGCAACTCCACTCCA-1,18
L6.CAACCTCAGCCCAATT-1,18
L6.TTAGTTCAGCACACAG-1,17
L6.TGCGTGGTCAATCACG-1,17
L6.TCAGGATAGATGCGAC-1,17
L6.TAAACCGGTCTTGATG-1,17
L6.GTGTTAGCACACGCTG-1,17
L6.GGCTGGTGTCCCTTGT-1,17
L6.GGAATAATCCGTACAA-1,17
L6.GGAACTTAGATCCCAT-1,17
L6.GCTCTGTTCAGGCCCA-1,17
L6.GCATGTATCAGCTCGG-1,17
L6.GCATGTAGTATAGGGC-1,17
L6.GCACATAAGTGTTGAA-1,17
L6.CTGGTCTTCTTTCCTC-1,17
L6.CTAGCCTTCGTTACGA-1,17
L6.CGTCACTTCTCTTATG-1,17
L6.CGGTTAAGTATGAATG-1,17
L6.CGATTGATCTGCTGCT-1,17
L6.CGATGTACAGTTAACC-1,17
L6.ATAGACCGTCGTTGTA-1,17
L6.ATAAGAGAGCGAGAAA-1,17
L6.AGCGTCGCAAATCCGT-1,17
L6.AGATTGCTCCGAACGC-1,17
L6.AGATTGCCAAGCCCAC-1,17
L6.AGATTGCAGGCCCGTT-1,17
L6.ACTATCTCATCACAAC-1,17
L6.ACATACGTCTCAACTT-1,17
L6.AAGCCGCGTCGTCTTC-1,17
L6.AACCGCGCAGCCTATA-1,17
L6.TCTTTCCAGTCGTACT-1,19
L6.CAACCAACAAGAAGAG-1,19
L6.ATAGACCCAGGGTATG-1,19
L6.TGAGCATGTGCATCTA-1,18
L6.CTGAAGTAGAGATGAG-1,18
L6.CTCGTACGTGTGGTTT-1,18
L6.CGTCCATTCGGAAACG-1,18
L6.AGCGGTCTCGCCTGAG-1,18
L6.AACTCAGTCCTAGAAC-1,18
L6.TACCTATTCGGCCGAT-1,17
L6.CTCCTAGCACGGCGTT-1,17
L6.CCTTCGATCTCACATT-1,17
L6.CTCGTCACAAAGCGGT-1,18
L6.TGGTTCCAGCCGGTAA-1,19
L6.GGTGAAGAGATACACA-1,19
L6.GCACATACATCCCATC-1,19
L6.CTGTGCTTCATTGCGA-1,19
L6.CTAGCCTCATCAGTCA-1,19
L6.CAGAGAGAGAAGCCCA-1,19
L6.ACTGAGTGTAATCACC-1,19
L6.TTCTCCTCACCTCGGA-1,19
L6.TTCGAAGAGCTCCTCT-1,18
L6.CGATCGGAGTATCGAA-1,18
L6.ATCGAGTTCAATACCG-1,18
L6.ACGTCAAAGTGGAGAA-1,18
L6.GTGTTAGTCATCGATG-1,17
L6.AGGTCATGTGTGCGTC-1,17
L6.TTGGAACGTGTGCCTG-1,18
L6.TTGCGTCCACACCGAC-1,18
L6.TGGTTAGCACATGGGA-1,18
L6.TGAAAGATCAGTTTGG-1,18
L6.TATTACCCAAGCGAGT-1,18
L6.AAGCCGCCACATTAGC-1,18
L6.GAACATCCAGCGATCC-1,17
L6.CAAGATCGTCTGCCAG-1,17
L6.GGCTCGACACGAAACG-1,18
L6.TTTATGCTCGCCGTGA-1,18
L6.TTATGCTCAAGGACTG-1,18
L6.TGGCGCAGTACATGTC-1,18
L6.TGGCCAGGTTGAACTC-1,18
L6.TGCTGCTTCGTCTGAA-1,18
L6.TGCCCTACAAAGAATC-1,18
L6.TCGGTAACAGATGGGT-1,18
L6.TAGTTGGTCAAGATCC-1,18
L6.TACTCGCAGACTTGAA-1,18
L6.GTACTCCGTACATCCA-1,18
L6.GGTGAAGAGAAGCCCA-1,18
L6.GGCCGATAGGAGTTGC-1,18
L6.GGCAATTTCTGCGACG-1,18
L6.GCTGCGAGTCTAGCGC-1,18
L6.GCGCAGTAGTGATCGG-1,18
L6.GCGAGAACATCACCCT-1,18
L6.GCCTCTAGTTATCACG-1,18
L6.GCAGTTAAGTCCGGTC-1,18
L6.GATGCTAGTTGGGACA-1,18
L6.GATGAAACATCGACGC-1,18
L6.CTGCTGTCAATGGAGC-1,18
L6.CTGCTGTAGCCCGAAA-1,18
L6.CGGGTCACAAGGTTCT-1,18
L6.CGATGTACATGATCCA-1,18
L6.CGACTTCTCTTAGAGC-1,18
L6.CACCACTTCCAAACAC-1,18
L6.CAAGTTGTCCTATTCA-1,18
L6.ATGGGAGGTTAAAGTG-1,18
L6.AGGCCGTGTCCCTACT-1,18
L6.AGAGTGGGTCTCGTTC-1,18
L6.AGAGTGGGTAGGCTGA-1,18
L6.ACTGATGGTGACCAAG-1,18
L6.ACACCCTGTGTGTGCC-1,18
L6.AAGTCTGTCTCTAGGA-1,18
L6.AACTGGTCAGATCGGA-1,18
L6.AACTCTTAGCGTTCCG-1,18
L6.ACATACGCACGTGAGA-1,19
L6.ACTGCTCGTCTTTCAT-1,18
L6.GCATACAGTAAGTGTA-1,17
L6.CGATTGAAGAAACGAG-1,17
L6.GTTACAGGTACACCGC-1,16
L6.GGAAAGCGTATTCTCT-1,15
L6.GCACTCTGTATATCCG-1,15
L6.GCCAAATAGTGCCAGA-1,17
L6.GTTAAGCTCGCGATCG-1,17
L6.CTCGTACCACTTACGA-1,17
L6.GGAGCAAGTCTAGCCG-1,16
L6.CACTCCATCGGCGCAT-1,16
L6.AAGACCTAGAATTCCC-1,16
L6.TCGTAGACACCCATTC-1,17
L6.CGATCGGCATGAACCT-1,18
L6.AGCTCTCCATCACCCT-1,18
L6.ATGGGAGAGAGACTTA-1,18
L6.TGACGGCCATGCCTAA-1,18
L6.TGACTAGAGAGCTGCA-1,17
L6.TCGGTAACACCGCTAG-1,17
L6.GCTGGGTTCTTGAGGT-1,17
L6.TAAGAGATCGCATGGC-1,17
L6.TGACAACTCCTCAACC-1,16
L6.TCTTTCCTCCACGTGG-1,16
L6.TCTCTAACACTCGACG-1,16
L6.TCGCGAGGTGCACTTA-1,16
L6.TACTTACAGCTGATAA-1,16
L6.TACCTTAAGATGCCAG-1,16
L6.GGTATTGGTGTGACGA-1,16
L6.GGGACCTAGGGTCTCC-1,16
L6.GGGAATGGTGCCTGGT-1,16
L6.GGACATTCAGTAACGG-1,16
L6.GCGCAGTGTAGATTAG-1,16
L6.GACCTGGGTCTGGTCG-1,16
L6.CTGATCCAGATCCGAG-1,16
L6.CGCGTTTGTTCAGTAC-1,16
L6.CCTTCCCTCCCACTTG-1,16
L6.CCTTCCCAGTGGTAGC-1,16
L6.CCTTACGAGCCGTCGT-1,16
L6.CCTACACCATCACGTA-1,16
L6.CCATTCGTCCACGTGG-1,16
L6.CCATTCGTCATCGCTC-1,16
L6.CACACCTTCTTGCAAG-1,16
L6.CAAGGCCAGCGACGTA-1,16
L6.AGCTCTCAGGGTTCCC-1,16
L6.AGCTCCTCAGCCAGAA-1,16
L6.ACATACGAGTAGTGCG-1,16
L6.CACCACTGTTCCAACA-1,16
L6.GGTGTTACATGGGACA-1,15
L6.CAGATCAGTCGAACAG-1,17
L6.CAGCAGCGTGTGGTTT-1,16
L6.ACGCCAGCACTAGTAC-1,17
L6.AGCATACCACGGATAG-1,17
